model,auc,brier_score
LightGBM_raw,0.9053734561338284,0.12039424786838888
LightGBM_isotonic,0.9051582981368389,0.09112519428942426
