model,auc,brier_score
LightGBM_raw,0.7882034786745867,0.15646838160390888
LightGBM_isotonic,0.790823723549522,0.1116122676422928
