k,inertia,silhouette
2,39114.81978626803,0.9615935428117574
3,28693.308928151593,0.8745428910160742
4,19479.183502139393,0.7326843277024808
5,13466.014253105395,0.7574330349919192
6,10825.80261974445,0.7770685078363877
7,9349.702449483428,0.7793865899328721
8,8156.749108068042,0.7734110086966871
