cluster,buy_count,sell_count,buy_value,sell_value,buy_collections,sell_ratio,wallet_age_days,pnl_proxy,blend_in_count,unique_interactions,size
0,11.0,4.0,1.93515,0.997983,3.0,0.37499997656250145,235.84881944444444,-0.18044999,0.0,15.0,8884
1,9099.0,12121.0,47492.336,63932.223,63.0,0.5751299324373284,248.42881944444446,22510.357,4248.0,4812.0,6
